<?xml version="1.0" encoding="UTF-8"?>
<java version="1.8.0_271" class="java.beans.XMLDecoder">
 <object class="java.util.EnumMap">
  <class>destiny.joe.items.enums.Character</class>
  <void method="put">
   <object class="java.lang.Enum" method="valueOf">
    <class>destiny.joe.items.enums.Character</class>
    <string>HUNTER</string>
   </object>
   <object class="java.util.ArrayList"/>
  </void>
  <void method="put">
   <object class="java.lang.Enum" method="valueOf">
    <class>destiny.joe.items.enums.Character</class>
    <string>TITAN</string>
   </object>
   <object class="java.util.ArrayList"/>
  </void>
  <void method="put">
   <object class="java.lang.Enum" method="valueOf">
    <class>destiny.joe.items.enums.Character</class>
    <string>WARLOCK</string>
   </object>
   <object class="java.util.ArrayList"/>
  </void>
 </object>
</java>
